id,first_name,last_name,email,gender,age
1,Diane,Snyder,dsnyder0@wordpress.org,Female,12
2,George,Simpson,gsimpson1@360.cn,Male,81
3,Walter,Rose,wrose2@usa.gov,Male,18
4,Christopher,Mason,cmason3@homestead.com,Male,4
5,Linda,Martin,lmartin4@flickr.com,Female,49
6,Amy,Wells,awells5@biglobe.ne.jp,Female,29
7,Sean,Austin,saustin6@dailymail.co.uk,Male,30
8,Robin,Fuller,rfuller7@weibo.com,Female,80
9,Philip,Mills,pmills8@cyberchimps.com,Male,40
10,Kevin,Wheeler,kwheeler9@amazon.co.uk,Male,32
11,Jeremy,Lane,jlanea@nationalgeographic.com,Male,62
12,Betty,Torres,btorresb@cocolog-nifty.com,Female,31
13,Jimmy,Robertson,jrobertsonc@nydailynews.com,Male,23
14,Rebecca,Jones,rjonesd@youtu.be,Female,70
15,Philip,Watson,pwatsone@nytimes.com,Male,74
16,Chris,Cook,ccookf@alibaba.com,Male,72
17,Frances,Banks,fbanksg@disqus.com,Female,44
18,Paula,Cox,pcoxh@flavors.me,Female,56
19,Jason,Adams,jadamsi@netvibes.com,Male,30
20,Samuel,Mitchell,smitchellj@china.com.cn,Male,1
21,Anthony,Moore,amoorek@newyorker.com,Male,100
22,Maria,Brown,mbrownl@merriam-webster.com,Female,31
23,Debra,Graham,dgrahamm@paypal.com,Female,70
24,Ruby,Jacobs,rjacobsn@wiley.com,Female,65
25,Harry,Mcdonald,hmcdonaldo@hubpages.com,Male,19
26,Marilyn,Mcdonald,mmcdonaldp@geocities.com,Female,29
27,Carol,Griffin,cgriffinq@fc2.com,Female,19
28,Kathryn,Nichols,knicholsr@dyndns.org,Female,39
29,Jack,Hall,jhalls@nasa.gov,Male,76
30,Brian,Bowman,bbowmant@sina.com.cn,Male,41
31,Lois,Howard,lhowardu@mac.com,Female,66
32,Virginia,Olson,volsonv@cargocollective.com,Female,40
33,Louis,Riley,lrileyw@dion.ne.jp,Male,94
34,Jacqueline,Bailey,jbaileyx@addthis.com,Female,91
35,Rose,Lewis,rlewisy@360.cn,Female,55
36,Katherine,Payne,kpaynez@virginia.edu,Female,83
37,Anthony,Ford,aford10@jimdo.com,Male,67
38,Shirley,Jenkins,sjenkins11@epa.gov,Female,15
39,Jose,Thomas,jthomas12@house.gov,Male,29
40,Jonathan,Ryan,jryan13@msu.edu,Male,87
41,Joe,Nguyen,jnguyen14@shop-pro.jp,Male,19
42,Joan,Lewis,jlewis15@blogger.com,Female,58
43,Ryan,Romero,rromero16@hostgator.com,Male,74
44,Harry,Reyes,hreyes17@chron.com,Male,78
45,John,Campbell,jcampbell18@hao123.com,Male,76
46,Howard,Cox,hcox19@goo.gl,Male,21
47,Louis,Washington,lwashington1a@multiply.com,Male,13
48,Kevin,Castillo,kcastillo1b@dailymotion.com,Male,49
49,Lori,Hughes,lhughes1c@unc.edu,Female,30
50,Kathryn,Hunter,khunter1d@soup.io,Female,42
51,Thomas,Little,tlittle1e@nsw.gov.au,Male,74
52,Norma,Perkins,nperkins1f@mayoclinic.com,Female,88
53,Aaron,Stephens,astephens1g@abc.net.au,Male,47
54,Heather,Mcdonald,hmcdonald1h@desdev.cn,Female,72
55,Larry,Jordan,ljordan1i@indiatimes.com,Male,52
56,Victor,Dean,vdean1j@nih.gov,Male,81
57,Anna,Elliott,aelliott1k@comsenz.com,Female,8
58,Beverly,Rivera,brivera1l@army.mil,Female,1
59,Joshua,Sims,jsims1m@cloudflare.com,Male,87
60,Sean,Fox,sfox1n@google.pl,Male,25
61,Philip,Richards,prichards1o@amazon.co.jp,Male,44
62,Henry,Gilbert,hgilbert1p@nymag.com,Male,85
63,Ralph,Ferguson,rferguson1q@businessinsider.com,Male,19
64,Eugene,Hunter,ehunter1r@wordpress.org,Male,68
65,Cheryl,Moore,cmoore1s@livejournal.com,Female,68
66,Linda,Parker,lparker1t@over-blog.com,Female,63
67,Gary,Stevens,gstevens1u@ucsd.edu,Male,2
68,Lisa,Stanley,lstanley1v@exblog.jp,Female,8
69,Judith,Nguyen,jnguyen1w@newyorker.com,Female,9
70,Shawn,Lawrence,slawrence1x@opensource.org,Male,94
71,Donna,Hughes,dhughes1y@businessinsider.com,Female,45
72,Eugene,Simpson,esimpson1z@nytimes.com,Male,11
73,Katherine,Sanders,ksanders20@soup.io,Female,77
74,Lillian,Hanson,lhanson21@psu.edu,Female,69
75,Ruth,Wheeler,rwheeler22@wikipedia.org,Female,88
76,Louise,Meyer,lmeyer23@vinaora.com,Female,95
77,Lawrence,Mcdonald,lmcdonald24@dropbox.com,Male,88
78,John,Long,jlong25@umich.edu,Male,49
79,Jeremy,Reed,jreed26@geocities.com,Male,87
80,Jose,Ortiz,jortiz27@skyrock.com,Male,100
81,Emily,Ortiz,eortiz28@dropbox.com,Female,56
82,Andrew,Reid,areid29@chicagotribune.com,Male,49
83,Earl,Price,eprice2a@facebook.com,Male,19
84,Debra,Duncan,dduncan2b@reference.com,Female,1
85,Robin,Ortiz,rortiz2c@utexas.edu,Female,55
86,Russell,Kelley,rkelley2d@gmpg.org,Male,92
87,Deborah,Bell,dbell2e@altervista.org,Female,100
88,Amanda,Fowler,afowler2f@google.pl,Female,63
89,Sara,Hayes,shayes2g@nationalgeographic.com,Female,24
90,Christopher,Butler,cbutler2h@arstechnica.com,Male,22
91,Heather,Carpenter,hcarpenter2i@squidoo.com,Female,79
92,Kimberly,Anderson,kanderson2j@imdb.com,Female,13
93,Keith,Collins,kcollins2k@hexun.com,Male,9
94,Douglas,Parker,dparker2l@psu.edu,Male,10
95,Shawn,Dean,sdean2m@1688.com,Male,76
96,William,Jones,wjones2n@plala.or.jp,Male,72
97,Tina,Sims,tsims2o@vk.com,Female,23
98,Jeffrey,Jordan,jjordan2p@yelp.com,Male,58
99,Raymond,Stephens,rstephens2q@chicagotribune.com,Male,18
100,Aaron,Thomas,athomas2r@opera.com,Male,93
101,Betty,Alexander,balexander2s@google.it,Female,82
102,Matthew,Richardson,mrichardson2t@dailymail.co.uk,Male,37
103,Patricia,Meyer,pmeyer2u@networkadvertising.org,Female,1
104,Jeremy,Dixon,jdixon2v@paginegialle.it,Male,86
105,Elizabeth,Green,egreen2w@linkedin.com,Female,66
106,Patricia,Reyes,preyes2x@cpanel.net,Female,73
107,Antonio,Matthews,amatthews2y@simplemachines.org,Male,44
108,Mildred,Davis,mdavis2z@ebay.com,Female,76
109,Ruby,Rice,rrice30@huffingtonpost.com,Female,15
110,Laura,Baker,lbaker31@netvibes.com,Female,95
111,Diane,Clark,dclark32@angelfire.com,Female,45
112,Doris,Torres,dtorres33@hhs.gov,Female,46
113,Amy,Stewart,astewart34@artisteer.com,Female,78
114,Bruce,Wilson,bwilson35@cdc.gov,Male,14
115,Bruce,Rose,brose36@seattletimes.com,Male,22
116,Lillian,Brooks,lbrooks37@e-recht24.de,Female,4
117,Brian,Sullivan,bsullivan38@usnews.com,Male,92
118,Kenneth,Burns,kburns39@xing.com,Male,39
119,Lori,Dunn,ldunn3a@soundcloud.com,Female,79
120,Amanda,Hansen,ahansen3b@vinaora.com,Female,76
121,David,Kim,dkim3c@imdb.com,Male,92
122,Matthew,Carr,mcarr3d@utexas.edu,Male,30
123,Gregory,Hall,ghall3e@scientificamerican.com,Male,28
124,Anthony,Perry,aperry3f@paginegialle.it,Male,75
125,Justin,Ruiz,jruiz3g@usgs.gov,Male,66
126,Gary,Medina,gmedina3h@cyberchimps.com,Male,21
127,Philip,Ross,pross3i@amazonaws.com,Male,18
128,Wanda,Boyd,wboyd3j@4shared.com,Female,40
129,Kevin,Dean,kdean3k@google.com.hk,Male,35
130,Johnny,Woods,jwoods3l@cdc.gov,Male,54
131,Antonio,Howell,ahowell3m@hud.gov,Male,29
132,Thomas,Day,tday3n@nyu.edu,Male,55
133,Ralph,Fox,rfox3o@wiley.com,Male,40
134,James,Sanchez,jsanchez3p@tripadvisor.com,Male,91
135,Kathryn,Marshall,kmarshall3q@ask.com,Female,73
136,Jacqueline,Hughes,jhughes3r@youku.com,Female,20
137,Kelly,Phillips,kphillips3s@bloglines.com,Female,95
138,Lisa,Myers,lmyers3t@loc.gov,Female,22
139,Scott,Collins,scollins3u@linkedin.com,Male,43
140,Russell,Turner,rturner3v@uol.com.br,Male,69
141,Jack,Welch,jwelch3w@house.gov,Male,58
142,Phillip,Ford,pford3x@ed.gov,Male,25
143,Mary,Ortiz,mortiz3y@omniture.com,Female,74
144,Ralph,Brown,rbrown3z@prlog.org,Male,36
145,Brenda,Spencer,bspencer40@examiner.com,Female,55
146,Jennifer,Frazier,jfrazier41@cbc.ca,Female,45
147,Aaron,Romero,aromero42@tripod.com,Male,62
148,Bobby,Burns,bburns43@addtoany.com,Male,5
149,Phillip,Ortiz,portiz44@blogger.com,Male,99
150,Sara,Gutierrez,sgutierrez45@dyndns.org,Female,36
151,Tina,Oliver,toliver46@dagondesign.com,Female,93
152,Amy,Daniels,adaniels47@google.es,Female,94
153,Roger,Green,rgreen48@hc360.com,Male,73
154,Earl,Watson,ewatson49@aboutads.info,Male,49
155,Marilyn,Baker,mbaker4a@walmart.com,Female,60
156,Todd,Hernandez,thernandez4b@yandex.ru,Male,94
157,Russell,Carter,rcarter4c@1und1.de,Male,66
158,Heather,Armstrong,harmstrong4d@tumblr.com,Female,4
159,Sandra,Carpenter,scarpenter4e@weibo.com,Female,15
160,Johnny,Hunter,jhunter4f@sourceforge.net,Male,63
161,James,Mitchell,jmitchell4g@t.co,Male,21
162,Ronald,Baker,rbaker4h@myspace.com,Male,24
163,Eric,Moore,emoore4i@prweb.com,Male,70
164,Chris,Price,cprice4j@paypal.com,Male,86
165,Lisa,Hamilton,lhamilton4k@canalblog.com,Female,2
166,Raymond,Bowman,rbowman4l@ucla.edu,Male,64
167,Jose,Kelly,jkelly4m@topsy.com,Male,10
168,Roger,Butler,rbutler4n@blogspot.com,Male,26
169,Cheryl,Gonzalez,cgonzalez4o@twitter.com,Female,14
170,Russell,Kim,rkim4p@unicef.org,Male,90
171,Harry,Mendoza,hmendoza4q@google.pl,Male,71
172,Joshua,Webb,jwebb4r@fotki.com,Male,56
173,Chris,Kelley,ckelley4s@usnews.com,Male,83
174,Keith,Lane,klane4t@taobao.com,Male,99
175,Cynthia,Wheeler,cwheeler4u@multiply.com,Female,98
176,Bobby,Daniels,bdaniels4v@tinyurl.com,Male,97
177,Shawn,Knight,sknight4w@goo.ne.jp,Male,89
178,Tammy,Peters,tpeters4x@lulu.com,Female,58
179,Harry,Phillips,hphillips4y@yolasite.com,Male,36
180,Cynthia,Weaver,cweaver4z@netlog.com,Female,78
181,Sandra,Williams,swilliams50@samsung.com,Female,75
182,Chris,Nichols,cnichols51@china.com.cn,Male,65
183,Doris,Robertson,drobertson52@typepad.com,Female,99
184,Ruby,Armstrong,rarmstrong53@cnbc.com,Female,84
185,Justin,Powell,jpowell54@netvibes.com,Male,21
186,Benjamin,Hunter,bhunter55@mysql.com,Male,82
187,Jack,Armstrong,jarmstrong56@disqus.com,Male,8
188,Antonio,Hall,ahall57@people.com.cn,Male,42
189,Justin,Reynolds,jreynolds58@angelfire.com,Male,80
190,John,Scott,jscott59@feedburner.com,Male,36
191,Phyllis,Scott,pscott5a@feedburner.com,Female,38
192,Margaret,Mendoza,mmendoza5b@w3.org,Female,6
193,Jimmy,Ramirez,jramirez5c@uiuc.edu,Male,45
194,Howard,Barnes,hbarnes5d@si.edu,Male,34
195,Eric,Martinez,emartinez5e@cnet.com,Male,97
196,Carlos,Meyer,cmeyer5f@com.com,Male,74
197,Paul,Fernandez,pfernandez5g@prnewswire.com,Male,37
198,Roy,Wilson,rwilson5h@eepurl.com,Male,16
199,Andrew,King,aking5i@example.com,Male,73
200,Nicole,Harris,nharris5j@issuu.com,Female,11
201,Julie,Young,jyoung5k@themeforest.net,Female,59
202,Sandra,Reed,sreed5l@nhs.uk,Female,100
203,Bobby,Gray,bgray5m@vimeo.com,Male,1
204,Pamela,Foster,pfoster5n@wikipedia.org,Female,50
205,Mildred,Cox,mcox5o@skyrock.com,Female,90
206,Carlos,Frazier,cfrazier5p@newsvine.com,Male,2
207,Susan,Jenkins,sjenkins5q@walmart.com,Female,82
208,Fred,Armstrong,farmstrong5r@w3.org,Male,53
209,Willie,Daniels,wdaniels5s@mozilla.com,Male,34
210,Patricia,Wood,pwood5t@yellowpages.com,Female,49
211,Linda,Hill,lhill5u@opera.com,Female,81
212,Theresa,Larson,tlarson5v@jigsy.com,Female,22
213,Keith,Wells,kwells5w@cnet.com,Male,75
214,Sharon,Hawkins,shawkins5x@army.mil,Female,14
215,Emily,Robertson,erobertson5y@qq.com,Female,73
216,Chris,Fowler,cfowler5z@soundcloud.com,Male,9
217,Cheryl,Harvey,charvey60@csmonitor.com,Female,7
218,Linda,Scott,lscott61@ftc.gov,Female,92
219,Matthew,Ross,mross62@ox.ac.uk,Male,30
220,Sandra,Spencer,sspencer63@adobe.com,Female,19
221,Mary,Medina,mmedina64@huffingtonpost.com,Female,83
222,Beverly,Payne,bpayne65@imdb.com,Female,6
223,Arthur,Gibson,agibson66@princeton.edu,Male,74
224,Shawn,Gibson,sgibson67@timesonline.co.uk,Male,28
225,Melissa,Black,mblack68@vimeo.com,Female,74
226,Wanda,Scott,wscott69@seesaa.net,Female,24
227,Joan,Young,jyoung6a@netlog.com,Female,30
228,Kathryn,Hamilton,khamilton6b@google.ru,Female,93
229,Ryan,Fox,rfox6c@walmart.com,Male,59
230,Sandra,Cruz,scruz6d@ifeng.com,Female,24
231,Brandon,Mccoy,bmccoy6e@godaddy.com,Male,25
232,Ruth,Wilson,rwilson6f@discuz.net,Female,52
233,Christine,Schmidt,cschmidt6g@opera.com,Female,71
234,Sarah,Ferguson,sferguson6h@intel.com,Female,20
235,Douglas,Cooper,dcooper6i@scribd.com,Male,36
236,Roy,Stephens,rstephens6j@wunderground.com,Male,71
237,Paul,Brooks,pbrooks6k@dailymotion.com,Male,11
238,Karen,Gomez,kgomez6l@va.gov,Female,8
239,Alice,Morgan,amorgan6m@nytimes.com,Female,95
240,Wanda,Phillips,wphillips6n@cloudflare.com,Female,44
241,Katherine,Holmes,kholmes6o@ftc.gov,Female,55
242,Alan,Payne,apayne6p@fastcompany.com,Male,100
243,Jack,Taylor,jtaylor6q@fastcompany.com,Male,63
244,Carolyn,Cooper,ccooper6r@creativecommons.org,Female,33
245,Shirley,Myers,smyers6s@myspace.com,Female,39
246,Peter,Weaver,pweaver6t@uiuc.edu,Male,28
247,Denise,Gutierrez,dgutierrez6u@lycos.com,Female,24
248,Heather,Perry,hperry6v@people.com.cn,Female,57
249,Carl,Frazier,cfrazier6w@yolasite.com,Male,85
250,Joe,Rodriguez,jrodriguez6x@sbwire.com,Male,60
251,Ralph,Richards,rrichards6y@a8.net,Male,58
252,Nicholas,Cooper,ncooper6z@pagesperso-orange.fr,Male,8
253,Laura,Dunn,ldunn70@unblog.fr,Female,23
254,Beverly,Larson,blarson71@gravatar.com,Female,51
255,Denise,Campbell,dcampbell72@twitpic.com,Female,11
256,Wanda,Kennedy,wkennedy73@msu.edu,Female,72
257,Tina,Carpenter,tcarpenter74@cbslocal.com,Female,41
258,Jeremy,Adams,jadams75@is.gd,Male,46
259,Annie,King,aking76@comcast.net,Female,10
260,Sandra,Jones,sjones77@deviantart.com,Female,50
261,Joyce,Stewart,jstewart78@elpais.com,Female,88
262,James,Rose,jrose79@blogtalkradio.com,Male,37
263,Lori,Duncan,lduncan7a@washington.edu,Female,30
264,Tammy,Mills,tmills7b@cisco.com,Female,18
265,Christopher,Simmons,csimmons7c@last.fm,Male,36
266,Karen,Hall,khall7d@barnesandnoble.com,Female,15
267,Carolyn,Jenkins,cjenkins7e@facebook.com,Female,61
268,Lisa,Pierce,lpierce7f@slideshare.net,Female,15
269,Denise,Washington,dwashington7g@tripod.com,Female,85
270,Carl,Fernandez,cfernandez7h@domainmarket.com,Male,21
271,Betty,Tucker,btucker7i@forbes.com,Female,14
272,Matthew,Nichols,mnichols7j@phpbb.com,Male,52
273,Julie,Ross,jross7k@oaic.gov.au,Female,49
274,Louise,Alexander,lalexander7l@ed.gov,Female,25
275,Arthur,Robertson,arobertson7m@ebay.com,Male,67
276,Linda,Clark,lclark7n@e-recht24.de,Female,68
277,Kathy,Berry,kberry7o@alexa.com,Female,28
278,Linda,Cole,lcole7p@icio.us,Female,81
279,Christopher,Carpenter,ccarpenter7q@sbwire.com,Male,47
280,Linda,Baker,lbaker7r@surveymonkey.com,Female,72
281,Nancy,White,nwhite7s@hao123.com,Female,41
282,Phyllis,Gardner,pgardner7t@weather.com,Female,69
283,Aaron,Porter,aporter7u@wisc.edu,Male,17
284,Joyce,Scott,jscott7v@shareasale.com,Female,99
285,Irene,Simmons,isimmons7w@dyndns.org,Female,49
286,Michelle,Ross,mross7x@gov.uk,Female,87
287,Bonnie,Russell,brussell7y@google.cn,Female,38
288,Diane,Hansen,dhansen7z@sina.com.cn,Female,22
289,Bonnie,Powell,bpowell80@yolasite.com,Female,84
290,Nicole,Holmes,nholmes81@zdnet.com,Female,65
291,Joseph,Jones,jjones82@engadget.com,Male,54
292,Daniel,Marshall,dmarshall83@washingtonpost.com,Male,26
293,Patrick,Davis,pdavis84@samsung.com,Male,39
294,Joan,Burns,jburns85@boston.com,Female,78
295,Carl,Brown,cbrown86@stanford.edu,Male,7
296,Ashley,Fowler,afowler87@cnet.com,Female,8
297,Chris,Long,clong88@parallels.com,Male,28
298,Joseph,Howell,jhowell89@clickbank.net,Male,51
299,Shirley,Martinez,smartinez8a@last.fm,Female,50
300,Jose,Bowman,jbowman8b@taobao.com,Male,78
301,Raymond,Carr,rcarr8c@go.com,Male,19
302,Alan,Martin,amartin8d@php.net,Male,62
303,Joyce,Payne,jpayne8e@altervista.org,Female,49
304,Bonnie,Daniels,bdaniels8f@moonfruit.com,Female,76
305,Donna,Powell,dpowell8g@wix.com,Female,34
306,Elizabeth,Patterson,epatterson8h@goo.ne.jp,Female,67
307,Thomas,Larson,tlarson8i@twitter.com,Male,28
308,Adam,Wilson,awilson8j@nsw.gov.au,Male,53
309,Linda,Dunn,ldunn8k@hexun.com,Female,88
310,Lillian,Fields,lfields8l@cisco.com,Female,74
311,Frances,Stewart,fstewart8m@nifty.com,Female,46
312,Marie,Young,myoung8n@purevolume.com,Female,60
313,Harry,Williamson,hwilliamson8o@artisteer.com,Male,81
314,Beverly,Gonzalez,bgonzalez8p@discuz.net,Female,48
315,David,Greene,dgreene8q@bbb.org,Male,12
316,Jeffrey,Sullivan,jsullivan8r@arizona.edu,Male,40
317,William,Tucker,wtucker8s@china.com.cn,Male,44
318,William,Peters,wpeters8t@uiuc.edu,Male,15
319,Gloria,Baker,gbaker8u@opera.com,Female,55
320,Deborah,Riley,driley8v@senate.gov,Female,76
321,Justin,Ortiz,jortiz8w@wikispaces.com,Male,2
322,Scott,Evans,sevans8x@cam.ac.uk,Male,41
323,Karen,Price,kprice8y@posterous.com,Female,43
324,Catherine,Ross,cross8z@infoseek.co.jp,Female,83
325,Gary,Stewart,gstewart90@apple.com,Male,49
326,Roger,Morrison,rmorrison91@bravesites.com,Male,43
327,John,Sims,jsims92@nba.com,Male,70
328,Joshua,Hayes,jhayes93@bloomberg.com,Male,35
329,Kimberly,Cruz,kcruz94@reuters.com,Female,1
330,Sharon,Armstrong,sarmstrong95@businessinsider.com,Female,99
331,Andrew,Myers,amyers96@google.fr,Male,45
332,Janet,Day,jday97@yellowpages.com,Female,79
333,Emily,Stevens,estevens98@mysql.com,Female,45
334,Virginia,Owens,vowens99@nydailynews.com,Female,64
335,Teresa,Russell,trussell9a@geocities.jp,Female,48
336,Anna,Fuller,afuller9b@acquirethisname.com,Female,49
337,Ann,Jordan,ajordan9c@baidu.com,Female,25
338,Cynthia,Garrett,cgarrett9d@goodreads.com,Female,86
339,Timothy,Moore,tmoore9e@msn.com,Male,27
340,Philip,Evans,pevans9f@google.ru,Male,60
341,Jeffrey,Arnold,jarnold9g@reuters.com,Male,71
342,Theresa,Long,tlong9h@foxnews.com,Female,4
343,Deborah,Gray,dgray9i@cdbaby.com,Female,63
344,Gerald,Lawson,glawson9j@cornell.edu,Male,6
345,Juan,Mcdonald,jmcdonald9k@wikispaces.com,Male,30
346,Ryan,King,rking9l@tripod.com,Male,36
347,Jennifer,Cunningham,jcunningham9m@arizona.edu,Female,70
348,Amanda,White,awhite9n@nationalgeographic.com,Female,31
349,Marilyn,Spencer,mspencer9o@addthis.com,Female,99
350,Eugene,Montgomery,emontgomery9p@rediff.com,Male,75
351,Beverly,Gomez,bgomez9q@baidu.com,Female,74
352,Steven,Murphy,smurphy9r@seattletimes.com,Male,81
353,Walter,Carroll,wcarroll9s@techcrunch.com,Male,94
354,Mary,Rose,mrose9t@gnu.org,Female,1
355,Randy,Peters,rpeters9u@amazon.co.jp,Male,100
356,Henry,Bell,hbell9v@java.com,Male,91
357,Sean,Holmes,sholmes9w@wikispaces.com,Male,7
358,Gary,Wells,gwells9x@mozilla.org,Male,98
359,Ronald,Ruiz,rruiz9y@artisteer.com,Male,46
360,Martin,Henry,mhenry9z@usnews.com,Male,61
361,Alice,Adams,aadamsa0@rakuten.co.jp,Female,34
362,Martha,Wood,mwooda1@hud.gov,Female,60
363,Beverly,Welch,bwelcha2@lulu.com,Female,65
364,Gary,Stevens,gstevensa3@berkeley.edu,Male,31
365,John,Hall,jhalla4@slideshare.net,Male,33
366,Phillip,Harvey,pharveya5@sciencedirect.com,Male,38
367,Keith,Reynolds,kreynoldsa6@icio.us,Male,1
368,Rebecca,Stewart,rstewarta7@phpbb.com,Female,86
369,Ryan,Coleman,rcolemana8@posterous.com,Male,13
370,Jessica,Montgomery,jmontgomerya9@xinhuanet.com,Female,78
371,Lois,Gutierrez,lgutierrezaa@zdnet.com,Female,74
372,Karen,Cunningham,kcunninghamab@wordpress.com,Female,75
373,Douglas,Morris,dmorrisac@theglobeandmail.com,Male,37
374,Aaron,Mitchell,amitchellad@seesaa.net,Male,81
375,Mildred,Turner,mturnerae@un.org,Female,80
376,Jennifer,Foster,jfosteraf@narod.ru,Female,24
377,Gerald,Diaz,gdiazag@chronoengine.com,Male,22
378,Jeffrey,Thompson,jthompsonah@hao123.com,Male,58
379,Dennis,Parker,dparkerai@weather.com,Male,62
380,Charles,Johnson,cjohnsonaj@a8.net,Male,54
381,Jacqueline,Fernandez,jfernandezak@harvard.edu,Female,13
382,Bobby,Olson,bolsonal@businessweek.com,Male,4
383,Fred,Henry,fhenryam@cyberchimps.com,Male,53
384,Carolyn,Morgan,cmorganan@opera.com,Female,50
385,Stephanie,King,skingao@desdev.cn,Female,39
386,Stephen,Riley,srileyap@census.gov,Male,56
387,Kathleen,Harrison,kharrisonaq@vinaora.com,Female,49
388,Lillian,Daniels,ldanielsar@huffingtonpost.com,Female,94
389,Kelly,Kelly,kkellyas@com.com,Female,4
390,Walter,Wright,wwrightat@cbsnews.com,Male,96
391,Rachel,Hunter,rhunterau@weibo.com,Female,52
392,Randy,Kelly,rkellyav@i2i.jp,Male,12
393,Christine,Wright,cwrightaw@shutterfly.com,Female,82
394,Richard,Burke,rburkeax@dyndns.org,Male,67
395,Keith,Gonzalez,kgonzalezay@shinystat.com,Male,46
396,Walter,Murphy,wmurphyaz@webnode.com,Male,42
397,Adam,Arnold,aarnoldb0@ucoz.com,Male,54
398,Patrick,Anderson,pandersonb1@elpais.com,Male,61
399,Terry,Washington,twashingtonb2@youtu.be,Male,11
400,Amanda,Elliott,aelliottb3@photobucket.com,Female,90
401,Beverly,Gordon,bgordonb4@psu.edu,Female,32
402,Jose,Romero,jromerob5@adobe.com,Male,27
403,Marilyn,Rose,mroseb6@dagondesign.com,Female,35
404,Judy,Williams,jwilliamsb7@acquirethisname.com,Female,31
405,Bobby,Ferguson,bfergusonb8@ezinearticles.com,Male,3
406,Christopher,Turner,cturnerb9@yellowbook.com,Male,57
407,Heather,Roberts,hrobertsba@webmd.com,Female,59
408,Gregory,Armstrong,garmstrongbb@barnesandnoble.com,Male,38
409,Annie,White,awhitebc@wiley.com,Female,82
410,Alice,Moore,amoorebd@clickbank.net,Female,45
411,Shawn,Hawkins,shawkinsbe@walmart.com,Male,44
412,Albert,Dean,adeanbf@hao123.com,Male,21
413,Jessica,Peters,jpetersbg@weibo.com,Female,2
414,Charles,Perez,cperezbh@craigslist.org,Male,70
415,Roger,Hawkins,rhawkinsbi@wsj.com,Male,9
416,Michelle,Fields,mfieldsbj@surveymonkey.com,Female,4
417,Denise,Gonzales,dgonzalesbk@usgs.gov,Female,1
418,Daniel,Bowman,dbowmanbl@rediff.com,Male,65
419,Jane,Oliver,joliverbm@seesaa.net,Female,5
420,Rachel,Clark,rclarkbn@npr.org,Female,38
421,Heather,Wright,hwrightbo@moonfruit.com,Female,39
422,Julia,Cox,jcoxbp@sciencedirect.com,Female,88
423,Michael,Webb,mwebbbq@hao123.com,Male,46
424,Janice,Snyder,jsnyderbr@phpbb.com,Female,5
425,Maria,Cox,mcoxbs@photobucket.com,Female,82
426,Keith,Perez,kperezbt@cnbc.com,Male,54
427,Amanda,Carroll,acarrollbu@illinois.edu,Female,1
428,Maria,Burns,mburnsbv@dropbox.com,Female,56
429,Patrick,Larson,plarsonbw@sohu.com,Male,41
430,Bobby,Hudson,bhudsonbx@indiatimes.com,Male,91
431,Angela,Bennett,abennettby@flickr.com,Female,37
432,Joseph,Gray,jgraybz@printfriendly.com,Male,95
433,Tammy,Warren,twarrenc0@latimes.com,Female,57
434,Michael,Hansen,mhansenc1@elpais.com,Male,7
435,Ronald,Perry,rperryc2@sfgate.com,Male,92
436,Julia,Lawrence,jlawrencec3@timesonline.co.uk,Female,12
437,Diana,Flores,dfloresc4@ebay.com,Female,1
438,Tammy,Nelson,tnelsonc5@123-reg.co.uk,Female,45
439,Keith,Price,kpricec6@ca.gov,Male,21
440,Jose,Perry,jperryc7@bigcartel.com,Male,27
441,Jennifer,Hansen,jhansenc8@thetimes.co.uk,Female,50
442,Nicole,Simpson,nsimpsonc9@123-reg.co.uk,Female,49
443,Nicole,Rogers,nrogersca@symantec.com,Female,71
444,Joan,Gibson,jgibsoncb@dailymail.co.uk,Female,29
445,Joseph,Mason,jmasoncc@fastcompany.com,Male,39
446,Willie,Stevens,wstevenscd@xing.com,Male,54
447,Sara,Martinez,smartinezce@google.com,Female,32
448,Helen,Mason,hmasoncf@bandcamp.com,Female,94
449,Steve,Carr,scarrcg@baidu.com,Male,81
450,Kathy,Grant,kgrantch@theglobeandmail.com,Female,2
451,Carolyn,Brooks,cbrooksci@facebook.com,Female,30
452,Nancy,Kennedy,nkennedycj@jigsy.com,Female,16
453,Jesse,Mitchell,jmitchellck@unesco.org,Male,67
454,Jeffrey,Perez,jperezcl@g.co,Male,31
455,Jack,Wright,jwrightcm@edublogs.org,Male,18
456,Alan,Dixon,adixoncn@studiopress.com,Male,28
457,Aaron,Allen,aallenco@cocolog-nifty.com,Male,33
458,Anna,Welch,awelchcp@theglobeandmail.com,Female,97
459,Tammy,Ruiz,truizcq@hostgator.com,Female,59
460,Aaron,Gonzales,agonzalescr@fastcompany.com,Male,47
461,Eugene,Hanson,ehansoncs@disqus.com,Male,15
462,Kathy,Carter,kcarterct@mtv.com,Female,11
463,George,Carroll,gcarrollcu@so-net.ne.jp,Male,64
464,Carl,Howard,chowardcv@tinyurl.com,Male,18
465,Irene,Mcdonald,imcdonaldcw@edublogs.org,Female,67
466,Andrew,Mills,amillscx@wikispaces.com,Male,32
467,Catherine,Gutierrez,cgutierrezcy@google.co.jp,Female,47
468,Phillip,Wheeler,pwheelercz@ameblo.jp,Male,25
469,Anne,Berry,aberryd0@sohu.com,Female,53
470,Adam,Bishop,abishopd1@privacy.gov.au,Male,88
471,Patrick,Adams,padamsd2@deviantart.com,Male,38
472,Carolyn,Frazier,cfrazierd3@1und1.de,Female,7
473,Adam,Peterson,apetersond4@free.fr,Male,90
474,Kimberly,Powell,kpowelld5@t-online.de,Female,55
475,Virginia,Evans,vevansd6@google.it,Female,69
476,Jerry,Carroll,jcarrolld7@wiley.com,Male,8
477,Craig,Riley,crileyd8@trellian.com,Male,87
478,Katherine,Gilbert,kgilbertd9@mediafire.com,Female,49
479,Emily,Willis,ewillisda@fema.gov,Female,96
480,Jeremy,Campbell,jcampbelldb@ow.ly,Male,24
481,Robert,Bailey,rbaileydc@si.edu,Male,97
482,Carl,Arnold,carnolddd@engadget.com,Male,30
483,Antonio,Griffin,agriffinde@over-blog.com,Male,43
484,Irene,Olson,iolsondf@people.com.cn,Female,7
485,Gary,Roberts,grobertsdg@qq.com,Male,51
486,Norma,Simpson,nsimpsondh@histats.com,Female,66
487,Juan,Bradley,jbradleydi@pinterest.com,Male,96
488,Kathleen,Cunningham,kcunninghamdj@digg.com,Female,92
489,Julia,Wells,jwellsdk@freewebs.com,Female,70
490,Joan,Smith,jsmithdl@globo.com,Female,24
491,Laura,Wright,lwrightdm@forbes.com,Female,66
492,Jack,Oliver,joliverdn@youtu.be,Male,75
493,Donald,King,dkingdo@ning.com,Male,56
494,Patrick,Fisher,pfisherdp@google.co.jp,Male,70
495,Evelyn,Brooks,ebrooksdq@nationalgeographic.com,Female,5
496,Jessica,Chavez,jchavezdr@networkadvertising.org,Female,70
497,Todd,King,tkingds@plala.or.jp,Male,50
498,Carl,Greene,cgreenedt@printfriendly.com,Male,26
499,Lawrence,Fernandez,lfernandezdu@trellian.com,Male,5
500,Beverly,Howard,bhowarddv@jugem.jp,Female,75
501,Craig,Price,cpricedw@reuters.com,Male,57
502,George,Price,gpricedx@joomla.org,Male,91
503,Karen,Simpson,ksimpsondy@odnoklassniki.ru,Female,22
504,Ruth,Hart,rhartdz@cornell.edu,Female,79
505,Heather,Frazier,hfraziere0@sciencedirect.com,Female,73
506,Tammy,Willis,twillise1@vinaora.com,Female,46
507,Philip,Olson,polsone2@ning.com,Male,16
508,Annie,Griffin,agriffine3@indiatimes.com,Female,86
509,Fred,Campbell,fcampbelle4@multiply.com,Male,9
510,Marie,Wheeler,mwheelere5@washingtonpost.com,Female,46
511,Janet,Carr,jcarre6@dyndns.org,Female,96
512,Rebecca,Hanson,rhansone7@shareasale.com,Female,51
513,Julie,Fields,jfieldse8@dot.gov,Female,21
514,Theresa,Johnson,tjohnsone9@constantcontact.com,Female,10
515,Alice,Wells,awellsea@timesonline.co.uk,Female,58
516,Judy,Diaz,jdiazeb@weather.com,Female,25
517,Judith,Butler,jbutlerec@merriam-webster.com,Female,43
518,Frances,Mccoy,fmccoyed@tiny.cc,Female,32
519,Helen,Lawrence,hlawrenceee@msu.edu,Female,33
520,Kimberly,Wright,kwrightef@ox.ac.uk,Female,51
521,Lois,Green,lgreeneg@list-manage.com,Female,65
522,Andrew,Howard,ahowardeh@360.cn,Male,50
523,Ruby,Harris,rharrisei@microsoft.com,Female,27
524,Rebecca,Gardner,rgardnerej@theglobeandmail.com,Female,37
525,Rebecca,Carr,rcarrek@rediff.com,Female,1
526,Margaret,Harper,mharperel@is.gd,Female,43
527,Edward,Willis,ewillisem@nyu.edu,Male,45
528,Catherine,Brooks,cbrooksen@studiopress.com,Female,45
529,Paul,Hawkins,phawkinseo@businesswire.com,Male,72
530,Carl,Moreno,cmorenoep@bloglovin.com,Male,29
531,Shirley,Warren,swarreneq@sohu.com,Female,75
532,Charles,Jenkins,cjenkinser@godaddy.com,Male,9
533,William,Perkins,wperkinses@xrea.com,Male,53
534,Annie,Hanson,ahansonet@imageshack.us,Female,13
535,Elizabeth,Olson,eolsoneu@cisco.com,Female,73
536,Beverly,Woods,bwoodsev@nba.com,Female,12
537,Jimmy,Nichols,jnicholsew@canalblog.com,Male,46
538,Steven,White,swhiteex@marriott.com,Male,6
539,Lawrence,Reyes,lreyesey@yahoo.co.jp,Male,54
540,Matthew,Dean,mdeanez@furl.net,Male,97
541,Brenda,Day,bdayf0@npr.org,Female,24
542,Benjamin,Welch,bwelchf1@adobe.com,Male,35
543,Frank,Coleman,fcolemanf2@youtube.com,Male,85
544,Judith,Myers,jmyersf3@webs.com,Female,22
545,Kimberly,Brown,kbrownf4@apache.org,Female,58
546,John,Jacobs,jjacobsf5@nydailynews.com,Male,90
547,Cynthia,Bennett,cbennettf6@feedburner.com,Female,24
548,Martha,Campbell,mcampbellf7@comsenz.com,Female,67
549,Gary,George,ggeorgef8@phpbb.com,Male,11
550,Maria,Duncan,mduncanf9@mtv.com,Female,65
551,Jose,Robinson,jrobinsonfa@merriam-webster.com,Male,40
552,Albert,Mason,amasonfb@amazonaws.com,Male,85
553,Wayne,Hunt,whuntfc@arstechnica.com,Male,80
554,Laura,Gibson,lgibsonfd@loc.gov,Female,20
555,Joshua,Gomez,jgomezfe@pagesperso-orange.fr,Male,46
556,Anne,Ramos,aramosff@ca.gov,Female,69
557,Thomas,Morris,tmorrisfg@yandex.ru,Male,19
558,Melissa,Butler,mbutlerfh@chron.com,Female,82
559,Roy,Ross,rrossfi@state.tx.us,Male,10
560,Wayne,Howell,whowellfj@mtv.com,Male,76
561,Patrick,Morales,pmoralesfk@infoseek.co.jp,Male,61
562,Benjamin,Mccoy,bmccoyfl@timesonline.co.uk,Male,55
563,Mildred,Dixon,mdixonfm@unc.edu,Female,64
564,Joan,Price,jpricefn@bravesites.com,Female,74
565,Carolyn,Smith,csmithfo@latimes.com,Female,24
566,William,Richardson,wrichardsonfp@squidoo.com,Male,84
567,Elizabeth,Garcia,egarciafq@nymag.com,Female,89
568,Sean,Carpenter,scarpenterfr@simplemachines.org,Male,21
569,Andrew,Banks,abanksfs@cnn.com,Male,39
570,Donald,Davis,ddavisft@zdnet.com,Male,95
571,Henry,Flores,hfloresfu@slate.com,Male,44
572,Phillip,Ross,prossfv@altervista.org,Male,44
573,Dennis,Peters,dpetersfw@epa.gov,Male,24
574,Martin,Hamilton,mhamiltonfx@altervista.org,Male,13
575,Joan,Carpenter,jcarpenterfy@drupal.org,Female,75
576,Stephen,Snyder,ssnyderfz@google.co.jp,Male,39
577,Shawn,Moore,smooreg0@deliciousdays.com,Male,6
578,Paula,Rivera,priverag1@epa.gov,Female,68
579,Arthur,Hawkins,ahawkinsg2@hao123.com,Male,88
580,Thomas,Edwards,tedwardsg3@xrea.com,Male,95
581,Christine,Fox,cfoxg4@microsoft.com,Female,40
582,Jessica,Reynolds,jreynoldsg5@domainmarket.com,Female,4
583,Russell,Baker,rbakerg6@chronoengine.com,Male,16
584,Rachel,Lopez,rlopezg7@un.org,Female,77
585,Bruce,Ross,brossg8@youku.com,Male,28
586,Keith,Porter,kporterg9@xrea.com,Male,93
587,Rose,Palmer,rpalmerga@netscape.com,Female,64
588,Henry,Henderson,hhendersongb@last.fm,Male,42
589,Brian,Cooper,bcoopergc@vistaprint.com,Male,52
590,Patricia,Wells,pwellsgd@1und1.de,Female,55
591,Sarah,Bowman,sbowmange@123-reg.co.uk,Female,79
592,Harry,Marshall,hmarshallgf@google.com,Male,42
593,James,Smith,jsmithgg@desdev.cn,Male,35
594,Marie,Phillips,mphillipsgh@reverbnation.com,Female,74
595,Fred,Daniels,fdanielsgi@techcrunch.com,Male,61
596,Maria,Griffin,mgriffingj@auda.org.au,Female,61
597,Andrea,Boyd,aboydgk@ucla.edu,Female,16
598,Ernest,Burns,eburnsgl@wp.com,Male,39
599,Maria,Jordan,mjordangm@bandcamp.com,Female,48
600,Maria,Harper,mharpergn@wisc.edu,Female,9
601,Brenda,Mendoza,bmendozago@blog.com,Female,21
602,Brandon,Franklin,bfranklingp@gravatar.com,Male,8
603,Paula,Payne,ppaynegq@home.pl,Female,19
604,Fred,Fowler,ffowlergr@qq.com,Male,69
605,Louise,Bailey,lbaileygs@ucoz.ru,Female,51
606,Daniel,Gardner,dgardnergt@nyu.edu,Male,78
607,Lois,Wood,lwoodgu@ucla.edu,Female,90
608,Cynthia,Nichols,cnicholsgv@elpais.com,Female,32
609,Justin,Moreno,jmorenogw@mayoclinic.com,Male,77
610,Susan,Hart,shartgx@ftc.gov,Female,4
611,Mark,Ray,mraygy@bandcamp.com,Male,95
612,Donna,Lee,dleegz@google.com.hk,Female,27
613,Louise,Torres,ltorresh0@earthlink.net,Female,58
614,Russell,Mitchell,rmitchellh1@boston.com,Male,55
615,Martha,West,mwesth2@hubpages.com,Female,82
616,Gerald,Howard,ghowardh3@meetup.com,Male,48
617,John,Jenkins,jjenkinsh4@tiny.cc,Male,27
618,Henry,Hill,hhillh5@java.com,Male,57
619,Jesse,Stone,jstoneh6@flickr.com,Male,70
620,Maria,Snyder,msnyderh7@parallels.com,Female,12
621,Laura,Morris,lmorrish8@ibm.com,Female,3
622,Wanda,Dean,wdeanh9@irs.gov,Female,41
623,Sarah,Richardson,srichardsonha@mapy.cz,Female,77
624,James,Arnold,jarnoldhb@adobe.com,Male,50
625,Sara,Freeman,sfreemanhc@comsenz.com,Female,87
626,Andrea,Stone,astonehd@technorati.com,Female,68
627,Alice,Barnes,abarneshe@vistaprint.com,Female,85
628,Ernest,Dean,edeanhf@wikimedia.org,Male,41
629,Timothy,Thompson,tthompsonhg@wufoo.com,Male,55
630,Mildred,Jones,mjoneshh@google.ru,Female,95
631,Terry,Adams,tadamshi@lulu.com,Male,10
632,Eric,Murphy,emurphyhj@imdb.com,Male,87
633,Katherine,Fuller,kfullerhk@booking.com,Female,53
634,Ernest,Gonzalez,egonzalezhl@deliciousdays.com,Male,18
635,Eugene,Dunn,edunnhm@digg.com,Male,68
636,Barbara,Porter,bporterhn@godaddy.com,Female,10
637,Martin,Ryan,mryanho@feedburner.com,Male,46
638,Gerald,Turner,gturnerhp@google.co.uk,Male,31
639,Donald,Lopez,dlopezhq@miibeian.gov.cn,Male,3
640,Charles,Stewart,cstewarthr@quantcast.com,Male,18
641,Anthony,Bell,abellhs@seattletimes.com,Male,96
642,Jimmy,Dean,jdeanht@oracle.com,Male,81
643,Doris,Hayes,dhayeshu@unc.edu,Female,36
644,Andrea,Robertson,arobertsonhv@nps.gov,Female,44
645,Carol,Wheeler,cwheelerhw@shinystat.com,Female,50
646,Howard,Banks,hbankshx@craigslist.org,Male,4
647,Christopher,West,cwesthy@fc2.com,Male,20
648,Amy,Turner,aturnerhz@dell.com,Female,51
649,Raymond,Hughes,rhughesi0@prweb.com,Male,95
650,Sara,Burns,sburnsi1@shop-pro.jp,Female,36
651,Sharon,Cook,scooki2@gravatar.com,Female,75
652,Anthony,Larson,alarsoni3@spiegel.de,Male,78
653,Keith,Harvey,kharveyi4@goo.ne.jp,Male,17
654,Nicholas,Arnold,narnoldi5@unc.edu,Male,58
655,Samuel,Peterson,spetersoni6@eventbrite.com,Male,19
656,Victor,Brown,vbrowni7@gravatar.com,Male,52
657,Amanda,Gomez,agomezi8@apache.org,Female,11
658,Amanda,Payne,apaynei9@icio.us,Female,59
659,Arthur,Anderson,aandersonia@gnu.org,Male,77
660,Denise,Rose,droseib@bizjournals.com,Female,38
661,Joshua,Henderson,jhendersonic@pbs.org,Male,63
662,Nicholas,Thomas,nthomasid@liveinternet.ru,Male,53
663,Steve,Allen,sallenie@51.la,Male,40
664,Julia,Ford,jfordif@delicious.com,Female,6
665,Douglas,Reid,dreidig@ucoz.ru,Male,28
666,Catherine,Bowman,cbowmanih@adobe.com,Female,66
667,Richard,Mendoza,rmendozaii@furl.net,Male,34
668,Shirley,Banks,sbanksij@360.cn,Female,20
669,Jessica,Ruiz,jruizik@smh.com.au,Female,29
670,Gregory,Morales,gmoralesil@cocolog-nifty.com,Male,26
671,Melissa,Marshall,mmarshallim@flickr.com,Female,77
672,Heather,Perry,hperryin@geocities.com,Female,1
673,Tina,Garcia,tgarciaio@abc.net.au,Female,91
674,Ashley,Dixon,adixonip@is.gd,Female,83
675,Bobby,Webb,bwebbiq@cyberchimps.com,Male,96
676,Evelyn,Wells,ewellsir@csmonitor.com,Female,44
677,Katherine,Dunn,kdunnis@baidu.com,Female,49
678,Phyllis,Sims,psimsit@weibo.com,Female,42
679,Philip,Collins,pcollinsiu@abc.net.au,Male,37
680,Jerry,Mcdonald,jmcdonaldiv@addthis.com,Male,8
681,Doris,Carroll,dcarrolliw@acquirethisname.com,Female,97
682,Stephen,Thompson,sthompsonix@indiegogo.com,Male,18
683,Virginia,Perkins,vperkinsiy@moonfruit.com,Female,43
684,Juan,Knight,jknightiz@com.com,Male,45
685,Pamela,Welch,pwelchj0@sbwire.com,Female,74
686,Michael,Freeman,mfreemanj1@behance.net,Male,71
687,Janet,Day,jdayj2@google.cn,Female,42
688,Virginia,Brooks,vbrooksj3@sohu.com,Female,36
689,Heather,Anderson,handersonj4@ibm.com,Female,80
690,Jose,Perry,jperryj5@nps.gov,Male,4
691,Benjamin,Bradley,bbradleyj6@jugem.jp,Male,62
692,Anna,Cruz,acruzj7@home.pl,Female,48
693,Victor,Austin,vaustinj8@indiatimes.com,Male,22
694,Lisa,Ferguson,lfergusonj9@pbs.org,Female,81
695,Jason,Ramirez,jramirezja@seattletimes.com,Male,58
696,Keith,Gordon,kgordonjb@hc360.com,Male,22
697,Dorothy,Richards,drichardsjc@people.com.cn,Female,9
698,Sara,Hughes,shughesjd@sciencedaily.com,Female,16
699,Brenda,Flores,bfloresje@reference.com,Female,89
700,Karen,Bishop,kbishopjf@w3.org,Female,93
701,Paul,Mccoy,pmccoyjg@bizjournals.com,Male,32
702,Johnny,George,jgeorgejh@tuttocitta.it,Male,21
703,Sarah,Wilson,swilsonji@sciencedaily.com,Female,73
704,Amanda,Webb,awebbjj@squidoo.com,Female,86
705,Keith,Crawford,kcrawfordjk@mysql.com,Male,51
706,Emily,Phillips,ephillipsjl@theglobeandmail.com,Female,8
707,Ralph,Hart,rhartjm@mlb.com,Male,11
708,Janice,Nelson,jnelsonjn@google.nl,Female,6
709,Steve,Parker,sparkerjo@google.co.uk,Male,55
710,Brian,Welch,bwelchjp@home.pl,Male,72
711,Adam,Gilbert,agilbertjq@washingtonpost.com,Male,15
712,Roger,Kelly,rkellyjr@comsenz.com,Male,5
713,Peter,Knight,pknightjs@accuweather.com,Male,98
714,Lisa,Pierce,lpiercejt@etsy.com,Female,69
715,Todd,Hernandez,thernandezju@tinyurl.com,Male,57
716,Ernest,Holmes,eholmesjv@sphinn.com,Male,1
717,Helen,Reyes,hreyesjw@taobao.com,Female,93
718,Carl,Alvarez,calvarezjx@phoca.cz,Male,97
719,Emily,Long,elongjy@blogtalkradio.com,Female,44
720,Roger,Graham,rgrahamjz@printfriendly.com,Male,74
721,Kelly,Lewis,klewisk0@people.com.cn,Female,71
722,Juan,Miller,jmillerk1@princeton.edu,Male,62
723,Virginia,Hayes,vhayesk2@mtv.com,Female,4
724,Sarah,Fisher,sfisherk3@squidoo.com,Female,9
725,Jeremy,Patterson,jpattersonk4@usatoday.com,Male,15
726,Sharon,Hall,shallk5@oracle.com,Female,97
727,Dennis,Flores,dfloresk6@cbslocal.com,Male,24
728,Lillian,Crawford,lcrawfordk7@sohu.com,Female,66
729,Anna,West,awestk8@blogtalkradio.com,Female,89
730,Ruth,Ortiz,rortizk9@about.me,Female,29
731,Anna,Wagner,awagnerka@github.io,Female,1
732,Stephen,Thompson,sthompsonkb@constantcontact.com,Male,37
733,Marilyn,Fowler,mfowlerkc@surveymonkey.com,Female,27
734,Ann,Gonzalez,agonzalezkd@archive.org,Female,96
735,John,Jenkins,jjenkinske@weather.com,Male,32
736,Chris,Hayes,chayeskf@businessweek.com,Male,54
737,Julie,Powell,jpowellkg@joomla.org,Female,100
738,Katherine,Holmes,kholmeskh@nsw.gov.au,Female,73
739,Donna,Peterson,dpetersonki@oakley.com,Female,90
740,Juan,Austin,jaustinkj@wsj.com,Male,63
741,Sean,Crawford,scrawfordkk@go.com,Male,89
742,Deborah,Shaw,dshawkl@psu.edu,Female,6
743,Lois,Thompson,lthompsonkm@barnesandnoble.com,Female,80
744,Justin,Rose,jrosekn@comsenz.com,Male,38
745,Jose,Sullivan,jsullivanko@xrea.com,Male,64
746,Ernest,Hicks,ehickskp@stanford.edu,Male,45
747,Phyllis,Harrison,pharrisonkq@upenn.edu,Female,98
748,Ralph,Hernandez,rhernandezkr@dailymotion.com,Male,11
749,Robert,Thomas,rthomasks@tripadvisor.com,Male,17
750,Nicole,Schmidt,nschmidtkt@free.fr,Female,21
751,Antonio,Brown,abrownku@diigo.com,Male,84
752,Mary,Crawford,mcrawfordkv@census.gov,Female,74
753,Larry,Roberts,lrobertskw@google.es,Male,23
754,Diane,Sullivan,dsullivankx@51.la,Female,81
755,Ashley,Elliott,aelliottky@dot.gov,Female,49
756,Julie,Washington,jwashingtonkz@over-blog.com,Female,67
757,Arthur,Holmes,aholmesl0@hhs.gov,Male,17
758,Louise,Brooks,lbrooksl1@tripod.com,Female,37
759,Justin,Diaz,jdiazl2@webeden.co.uk,Male,19
760,Lillian,Willis,lwillisl3@wufoo.com,Female,32
761,Jerry,Fernandez,jfernandezl4@php.net,Male,28
762,Teresa,Griffin,tgriffinl5@purevolume.com,Female,71
763,Christine,Martin,cmartinl6@un.org,Female,48
764,Gary,Lopez,glopezl7@buzzfeed.com,Male,79
765,Christina,Anderson,candersonl8@toplist.cz,Female,31
766,Daniel,Johnson,djohnsonl9@kickstarter.com,Male,22
767,Kathleen,Fernandez,kfernandezla@go.com,Female,90
768,Ruby,Medina,rmedinalb@businessweek.com,Female,28
769,Roy,Stanley,rstanleylc@sun.com,Male,97
770,Jacqueline,Walker,jwalkerld@de.vu,Female,20
771,Victor,Marshall,vmarshallle@mapquest.com,Male,62
772,Virginia,Ramirez,vramirezlf@multiply.com,Female,96
773,Harold,Carpenter,hcarpenterlg@wunderground.com,Male,64
774,Tammy,Perez,tperezlh@businessinsider.com,Female,62
775,Evelyn,Thompson,ethompsonli@over-blog.com,Female,96
776,Peter,Anderson,pandersonlj@ehow.com,Male,3
777,Paul,Evans,pevanslk@guardian.co.uk,Male,63
778,Mark,Lane,mlanell@hud.gov,Male,31
779,Sharon,Hamilton,shamiltonlm@bravesites.com,Female,13
780,Mark,Foster,mfosterln@istockphoto.com,Male,98
781,Joshua,Collins,jcollinslo@dagondesign.com,Male,76
782,Marilyn,Hart,mhartlp@msn.com,Female,85
783,Brenda,Henderson,bhendersonlq@hibu.com,Female,97
784,Tina,Parker,tparkerlr@elegantthemes.com,Female,70
785,Sarah,Ortiz,sortizls@linkedin.com,Female,31
786,Eric,Wallace,ewallacelt@huffingtonpost.com,Male,93
787,John,George,jgeorgelu@wikimedia.org,Male,3
788,Lisa,Hill,lhilllv@macromedia.com,Female,97
789,Theresa,Wheeler,twheelerlw@wordpress.org,Female,83
790,Nicole,Dean,ndeanlx@cam.ac.uk,Female,32
791,Todd,Collins,tcollinsly@bloglines.com,Male,76
792,Kelly,Rice,kricelz@sbwire.com,Female,27
793,Brandon,Jackson,bjacksonm0@over-blog.com,Male,71
794,William,Howard,whowardm1@typepad.com,Male,7
795,Edward,Hernandez,ehernandezm2@dropbox.com,Male,85
796,Eugene,Lawrence,elawrencem3@theglobeandmail.com,Male,34
797,Wayne,Fowler,wfowlerm4@chronoengine.com,Male,83
798,Johnny,Baker,jbakerm5@time.com,Male,91
799,Thomas,Carr,tcarrm6@weebly.com,Male,53
800,Henry,Gomez,hgomezm7@prlog.org,Male,82
801,Carl,Harrison,charrisonm8@usa.gov,Male,80
802,Joseph,Morgan,jmorganm9@about.me,Male,18
803,Kelly,Hicks,khicksma@blogs.com,Female,79
804,Jose,Bowman,jbowmanmb@smh.com.au,Male,33
805,Jane,Martinez,jmartinezmc@ifeng.com,Female,81
806,Lillian,Fox,lfoxmd@tiny.cc,Female,39
807,Maria,Romero,mromerome@mozilla.com,Female,5
808,Frank,Cox,fcoxmf@biglobe.ne.jp,Male,21
809,Jerry,Mcdonald,jmcdonaldmg@answers.com,Male,26
810,Billy,Johnston,bjohnstonmh@vinaora.com,Male,55
811,Jack,Bennett,jbennettmi@plala.or.jp,Male,61
812,Teresa,Reyes,treyesmj@ed.gov,Female,71
813,Joe,Sims,jsimsmk@sina.com.cn,Male,68
814,Julie,Mendoza,jmendozaml@mac.com,Female,72
815,Phyllis,Thompson,pthompsonmm@4shared.com,Female,53
816,Barbara,Gutierrez,bgutierrezmn@comsenz.com,Female,95
817,Dennis,Hicks,dhicksmo@yelp.com,Male,23
818,Jeremy,Scott,jscottmp@cbsnews.com,Male,3
819,Jeffrey,Hansen,jhansenmq@theglobeandmail.com,Male,24
820,Bobby,Cook,bcookmr@stanford.edu,Male,63
821,Gloria,Burns,gburnsms@pagesperso-orange.fr,Female,20
822,Eric,Johnston,ejohnstonmt@patch.com,Male,73
823,Mildred,Hunter,mhuntermu@microsoft.com,Female,63
824,Sara,Hunter,shuntermv@china.com.cn,Female,13
825,Jean,Shaw,jshawmw@dagondesign.com,Female,76
826,Chris,Mccoy,cmccoymx@list-manage.com,Male,1
827,Joe,Perkins,jperkinsmy@marketwatch.com,Male,84
828,Ashley,Green,agreenmz@trellian.com,Female,44
829,John,Olson,jolsonn0@accuweather.com,Male,13
830,Mary,Lawrence,mlawrencen1@cocolog-nifty.com,Female,11
831,Lillian,Cunningham,lcunninghamn2@topsy.com,Female,88
832,Roger,Reyes,rreyesn3@bravesites.com,Male,34
833,Michelle,Daniels,mdanielsn4@loc.gov,Female,59
834,Mildred,Scott,mscottn5@privacy.gov.au,Female,48
835,Tammy,Mccoy,tmccoyn6@hc360.com,Female,83
836,Scott,Fowler,sfowlern7@bbc.co.uk,Male,58
837,Kimberly,West,kwestn8@ifeng.com,Female,88
838,Gloria,Owens,gowensn9@photobucket.com,Female,26
839,Timothy,Owens,towensna@tamu.edu,Male,24
840,Jerry,Larson,jlarsonnb@chronoengine.com,Male,82
841,Jane,Ryan,jryannc@reuters.com,Female,85
842,Lillian,Jenkins,ljenkinsnd@pcworld.com,Female,10
843,Aaron,Rodriguez,arodriguezne@issuu.com,Male,65
844,Patricia,Warren,pwarrennf@seesaa.net,Female,97
845,Ronald,Cruz,rcruzng@disqus.com,Male,81
846,Roy,George,rgeorgenh@goodreads.com,Male,61
847,Robin,Baker,rbakerni@cpanel.net,Female,99
848,Jeffrey,Mccoy,jmccoynj@cbc.ca,Male,2
849,Lillian,Sanders,lsandersnk@gravatar.com,Female,81
850,Diane,Mccoy,dmccoynl@howstuffworks.com,Female,79
851,Willie,Stephens,wstephensnm@shinystat.com,Male,97
852,Cheryl,Greene,cgreenenn@elpais.com,Female,22
853,Henry,Ray,hrayno@blog.com,Male,6
854,Elizabeth,Walker,ewalkernp@fema.gov,Female,83
855,Donald,Oliver,dolivernq@symantec.com,Male,80
856,Jack,Knight,jknightnr@de.vu,Male,50
857,Patricia,Bishop,pbishopns@deviantart.com,Female,61
858,Carl,Baker,cbakernt@ft.com,Male,11
859,Joyce,Cruz,jcruznu@cbsnews.com,Female,14
860,Dennis,Perez,dpereznv@technorati.com,Male,20
861,Julia,Fuller,jfullernw@imageshack.us,Female,67
862,Jesse,Fisher,jfishernx@icio.us,Male,1
863,Frank,Palmer,fpalmerny@a8.net,Male,62
864,Gregory,Andrews,gandrewsnz@illinois.edu,Male,62
865,Julia,Hicks,jhickso0@icq.com,Female,56
866,Albert,Riley,arileyo1@princeton.edu,Male,79
867,Michelle,Baker,mbakero2@webmd.com,Female,93
868,Carolyn,Hernandez,chernandezo3@wordpress.org,Female,85
869,David,Harvey,dharveyo4@joomla.org,Male,89
870,Clarence,Ross,crosso5@foxnews.com,Male,92
871,Carol,Butler,cbutlero6@networkadvertising.org,Female,11
872,Joan,Hayes,jhayeso7@hexun.com,Female,10
873,Cheryl,Stewart,cstewarto8@miitbeian.gov.cn,Female,1
874,Ralph,Bowman,rbowmano9@youtu.be,Male,26
875,Cynthia,Riley,crileyoa@uol.com.br,Female,55
876,Louis,Robertson,lrobertsonob@hibu.com,Male,87
877,Dennis,Rivera,driveraoc@usda.gov,Male,97
878,Billy,Parker,bparkerod@e-recht24.de,Male,89
879,Evelyn,Henderson,ehendersonoe@slashdot.org,Female,43
880,Lori,Ryan,lryanof@si.edu,Female,86
881,Katherine,Howard,khowardog@bloomberg.com,Female,65
882,Jonathan,Long,jlongoh@economist.com,Male,3
883,Steven,Morrison,smorrisonoi@mashable.com,Male,18
884,Christopher,Wood,cwoodoj@usnews.com,Male,4
885,Louis,Perry,lperryok@imageshack.us,Male,78
886,Beverly,Crawford,bcrawfordol@xinhuanet.com,Female,88
887,Nicole,Meyer,nmeyerom@ustream.tv,Female,6
888,Angela,Rivera,ariveraon@businesswire.com,Female,95
889,Joseph,Rice,jriceoo@addtoany.com,Male,20
890,Anne,Morrison,amorrisonop@nature.com,Female,5
891,Kimberly,Turner,kturneroq@tiny.cc,Female,10
892,Marie,Phillips,mphillipsor@google.com,Female,66
893,Ryan,Carpenter,rcarpenteros@netvibes.com,Male,60
894,Jesse,Sims,jsimsot@quantcast.com,Male,47
895,Maria,Daniels,mdanielsou@wikia.com,Female,32
896,Julie,Nichols,jnicholsov@ezinearticles.com,Female,15
897,Harold,Willis,hwillisow@cloudflare.com,Male,9
898,Clarence,Hicks,chicksox@myspace.com,Male,81
899,Steven,Lopez,slopezoy@sina.com.cn,Male,87
900,Lisa,Lawrence,llawrenceoz@slideshare.net,Female,72
901,Jean,Dixon,jdixonp0@pen.io,Female,91
902,Cheryl,Little,clittlep1@livejournal.com,Female,46
903,Lillian,Mendoza,lmendozap2@photobucket.com,Female,46
904,Jerry,Kim,jkimp3@tmall.com,Male,37
905,Frank,Robinson,frobinsonp4@geocities.jp,Male,7
906,Ruth,Miller,rmillerp5@artisteer.com,Female,95
907,Benjamin,West,bwestp6@1688.com,Male,96
908,Paul,Simmons,psimmonsp7@marriott.com,Male,65
909,Earl,Mills,emillsp8@twitpic.com,Male,53
910,Gregory,Bailey,gbaileyp9@artisteer.com,Male,8
911,Patricia,Jones,pjonespa@cyberchimps.com,Female,82
912,Louis,Jones,ljonespb@comsenz.com,Male,19
913,Charles,Dunn,cdunnpc@dagondesign.com,Male,46
914,Carol,Austin,caustinpd@mashable.com,Female,44
915,John,Hawkins,jhawkinspe@narod.ru,Male,10
916,Virginia,Chavez,vchavezpf@free.fr,Female,8
917,David,Lee,dleepg@foxnews.com,Male,6
918,Julie,Hawkins,jhawkinsph@ucsd.edu,Female,45
919,Gregory,Harper,gharperpi@washingtonpost.com,Male,57
920,Wayne,Weaver,wweaverpj@harvard.edu,Male,46
921,Jerry,Ward,jwardpk@comcast.net,Male,29
922,Brandon,Riley,brileypl@macromedia.com,Male,41
923,Kevin,Snyder,ksnyderpm@wisc.edu,Male,96
924,Nancy,Stevens,nstevenspn@arizona.edu,Female,37
925,Ralph,Jenkins,rjenkinspo@wp.com,Male,21
926,Maria,Reyes,mreyespp@pinterest.com,Female,44
927,Rebecca,Chapman,rchapmanpq@scribd.com,Female,1
928,Nicole,Henry,nhenrypr@fda.gov,Female,5
929,Christine,Robinson,crobinsonps@wired.com,Female,27
930,Gary,Peters,gpeterspt@latimes.com,Male,59
931,Bobby,Ward,bwardpu@unicef.org,Male,3
932,Julia,Myers,jmyerspv@fotki.com,Female,71
933,Chris,Washington,cwashingtonpw@biglobe.ne.jp,Male,97
934,Sara,Long,slongpx@photobucket.com,Female,64
935,Clarence,Carter,ccarterpy@amazon.com,Male,68
936,Katherine,Romero,kromeropz@desdev.cn,Female,85
937,Frances,Wilson,fwilsonq0@techcrunch.com,Female,28
938,Joyce,Hudson,jhudsonq1@fotki.com,Female,2
939,Jack,Hansen,jhansenq2@pcworld.com,Male,60
940,Elizabeth,Watkins,ewatkinsq3@ocn.ne.jp,Female,9
941,Sarah,Graham,sgrahamq4@loc.gov,Female,77
942,Nancy,Hamilton,nhamiltonq5@shinystat.com,Female,33
943,Norma,Hamilton,nhamiltonq6@ucoz.com,Female,41
944,Harold,Johnson,hjohnsonq7@gnu.org,Male,36
945,Gerald,Jackson,gjacksonq8@live.com,Male,77
946,David,Garcia,dgarciaq9@webeden.co.uk,Male,19
947,Aaron,Webb,awebbqa@apache.org,Male,95
948,Brenda,Morrison,bmorrisonqb@fotki.com,Female,3
949,Timothy,Brown,tbrownqc@hp.com,Male,31
950,Paul,Lopez,plopezqd@php.net,Male,65
951,Ruby,Phillips,rphillipsqe@dell.com,Female,38
952,Virginia,Bell,vbellqf@msu.edu,Female,74
953,Deborah,Elliott,delliottqg@google.fr,Female,37
954,Wayne,Bradley,wbradleyqh@bloomberg.com,Male,29
955,Earl,Fisher,efisherqi@google.ru,Male,25
956,Annie,Reyes,areyesqj@pinterest.com,Female,65
957,Steve,Hicks,shicksqk@ca.gov,Male,32
958,Alice,Thomas,athomasql@cam.ac.uk,Female,26
959,Nicole,Mason,nmasonqm@t-online.de,Female,71
960,Roy,Moore,rmooreqn@macromedia.com,Male,97
961,Mark,Austin,maustinqo@nymag.com,Male,42
962,Anne,Gardner,agardnerqp@seesaa.net,Female,53
963,Carolyn,Powell,cpowellqq@goo.ne.jp,Female,63
964,Martin,Kelley,mkelleyqr@addtoany.com,Male,86
965,Ashley,Lawson,alawsonqs@etsy.com,Female,28
966,Julia,Porter,jporterqt@jigsy.com,Female,83
967,Jack,Smith,jsmithqu@mozilla.org,Male,42
968,Jonathan,Hawkins,jhawkinsqv@vinaora.com,Male,2
969,Martin,Gibson,mgibsonqw@ucsd.edu,Male,61
970,Joshua,Sanders,jsandersqx@jiathis.com,Male,89
971,James,Wheeler,jwheelerqy@php.net,Male,62
972,Mark,Scott,mscottqz@archive.org,Male,57
973,Rose,Carter,rcarterr0@abc.net.au,Female,50
974,Amy,Warren,awarrenr1@soundcloud.com,Female,19
975,Fred,Garrett,fgarrettr2@pen.io,Male,33
976,Harold,Crawford,hcrawfordr3@bbb.org,Male,74
977,Harold,Wheeler,hwheelerr4@reuters.com,Male,72
978,William,Murphy,wmurphyr5@goo.gl,Male,99
979,Stephen,Henry,shenryr6@google.nl,Male,86
980,Ruby,Marshall,rmarshallr7@so-net.ne.jp,Female,50
981,Elizabeth,Willis,ewillisr8@istockphoto.com,Female,41
982,Brandon,Cox,bcoxr9@wikimedia.org,Male,45
983,Kimberly,Adams,kadamsra@cbsnews.com,Female,97
984,Diana,Nelson,dnelsonrb@nsw.gov.au,Female,66
985,Chris,Tucker,ctuckerrc@apache.org,Male,96
986,Catherine,Butler,cbutlerrd@unc.edu,Female,15
987,Nicole,Brooks,nbrooksre@china.com.cn,Female,50
988,Douglas,Franklin,dfranklinrf@youtu.be,Male,81
989,Brenda,Brown,bbrownrg@kickstarter.com,Female,17
990,Bobby,Crawford,bcrawfordrh@washington.edu,Male,95
991,Harry,Rice,hriceri@storify.com,Male,78
992,Paula,Boyd,pboydrj@phpbb.com,Female,51
993,Ann,Adams,aadamsrk@artisteer.com,Female,94
994,Jonathan,Mendoza,jmendozarl@nature.com,Male,18
995,Mildred,Hansen,mhansenrm@goo.gl,Female,18
996,Rose,Ford,rfordrn@state.tx.us,Female,17
997,Judith,Howell,jhowellro@blog.com,Female,94
998,Marilyn,Nichols,mnicholsrp@google.de,Female,78
999,Kenneth,Martin,kmartinrq@mediafire.com,Male,26
1000,Larry,Berry,lberryrr@netvibes.com,Male,36
